t_s,step,direction,x_m,y_m,z_m,yaw_deg,vx_mps,vy_mps,vz_mps,yaw_rate_dps,motor_fl,motor_fr,motor_rl,motor_rr
0.0,0,up,0.0,0.0,0.0,0.0,0.0,0.0,0.5,0.0,65.0,65.0,65.0,65.0
0.1,0,up,0.0,0.0,0.05,0.0,0.0,0.0,0.5,0.0,65.0,65.0,65.0,65.0
0.2,0,up,0.0,0.0,0.1,0.0,0.0,0.0,0.5,0.0,65.0,65.0,65.0,65.0
0.3,0,up,0.0,0.0,0.15,0.0,0.0,0.0,0.5,0.0,65.0,65.0,65.0,65.0
0.4,0,up,0.0,0.0,0.2,0.0,0.0,0.0,0.5,0.0,65.0,65.0,65.0,65.0
0.5,0,up,0.0,0.0,0.25,0.0,0.0,0.0,0.5,0.0,65.0,65.0,65.0,65.0
0.6,0,up,0.0,0.0,0.3,0.0,0.0,0.0,0.5,0.0,65.0,65.0,65.0,65.0
0.7,0,up,0.0,0.0,0.35,0.0,0.0,0.0,0.5,0.0,65.0,65.0,65.0,65.0
0.8,0,up,0.0,0.0,0.4,0.0,0.0,0.0,0.5,0.0,65.0,65.0,65.0,65.0
0.9,0,up,0.0,0.0,0.45,0.0,0.0,0.0,0.5,0.0,65.0,65.0,65.0,65.0
1.0,0,up,0.0,0.0,0.5,0.0,0.0,0.0,0.5,0.0,65.0,65.0,65.0,65.0
1.1,0,up,0.0,0.0,0.55,0.0,0.0,0.0,0.5,0.0,65.0,65.0,65.0,65.0
1.2,0,up,0.0,0.0,0.6,0.0,0.0,0.0,0.5,0.0,65.0,65.0,65.0,65.0
1.3,0,up,0.0,0.0,0.65,0.0,0.0,0.0,0.5,0.0,65.0,65.0,65.0,65.0
1.4,0,up,0.0,0.0,0.7,0.0,0.0,0.0,0.5,0.0,65.0,65.0,65.0,65.0
1.5,0,up,0.0,0.0,0.75,0.0,0.0,0.0,0.5,0.0,65.0,65.0,65.0,65.0
1.6,0,up,0.0,0.0,0.8,0.0,0.0,0.0,0.5,0.0,65.0,65.0,65.0,65.0
1.7,0,up,0.0,0.0,0.85,0.0,0.0,0.0,0.5,0.0,65.0,65.0,65.0,65.0
1.8,0,up,0.0,0.0,0.9,0.0,0.0,0.0,0.5,0.0,65.0,65.0,65.0,65.0
1.9,0,up,0.0,0.0,0.95,0.0,0.0,0.0,0.5,0.0,65.0,65.0,65.0,65.0
2.0,1,hover,0.0,0.0,1.0,0.0,0.0,0.0,0.0,0.0,50.0,50.0,50.0,50.0
2.1,1,hover,0.0,0.0,1.0,0.0,0.0,0.0,0.0,0.0,50.0,50.0,50.0,50.0
2.2,1,hover,0.0,0.0,1.0,0.0,0.0,0.0,0.0,0.0,50.0,50.0,50.0,50.0
2.3,1,hover,0.0,0.0,1.0,0.0,0.0,0.0,0.0,0.0,50.0,50.0,50.0,50.0
2.4,1,hover,0.0,0.0,1.0,0.0,0.0,0.0,0.0,0.0,50.0,50.0,50.0,50.0
2.5,1,hover,0.0,0.0,1.0,0.0,0.0,0.0,0.0,0.0,50.0,50.0,50.0,50.0
2.6,1,hover,0.0,0.0,1.0,0.0,0.0,0.0,0.0,0.0,50.0,50.0,50.0,50.0
2.7,1,hover,0.0,0.0,1.0,0.0,0.0,0.0,0.0,0.0,50.0,50.0,50.0,50.0
2.8,1,hover,0.0,0.0,1.0,0.0,0.0,0.0,0.0,0.0,50.0,50.0,50.0,50.0
2.9,1,hover,0.0,0.0,1.0,0.0,0.0,0.0,0.0,0.0,50.0,50.0,50.0,50.0
3.0,2,forward,0.0,0.0,1.0,0.0,1.0,0.0,0.0,0.0,40.0,40.0,60.0,60.0
3.1,2,forward,0.1,0.0,1.0,0.0,1.0,0.0,0.0,0.0,40.0,40.0,60.0,60.0
3.2,2,forward,0.2,0.0,1.0,0.0,1.0,0.0,0.0,0.0,40.0,40.0,60.0,60.0
3.3,2,forward,0.3,0.0,1.0,0.0,1.0,0.0,0.0,0.0,40.0,40.0,60.0,60.0
3.4,2,forward,0.4,0.0,1.0,0.0,1.0,0.0,0.0,0.0,40.0,40.0,60.0,60.0
3.5,2,forward,0.5,0.0,1.0,0.0,1.0,0.0,0.0,0.0,40.0,40.0,60.0,60.0
3.6,2,forward,0.6,0.0,1.0,0.0,1.0,0.0,0.0,0.0,40.0,40.0,60.0,60.0
3.7,2,forward,0.7,0.0,1.0,0.0,1.0,0.0,0.0,0.0,40.0,40.0,60.0,60.0
3.8,2,forward,0.8,0.0,1.0,0.0,1.0,0.0,0.0,0.0,40.0,40.0,60.0,60.0
3.9,2,forward,0.9,0.0,1.0,0.0,1.0,0.0,0.0,0.0,40.0,40.0,60.0,60.0
4.0,2,forward,1.0,0.0,1.0,0.0,1.0,0.0,0.0,0.0,40.0,40.0,60.0,60.0
4.1,2,forward,1.1,0.0,1.0,0.0,1.0,0.0,0.0,0.0,40.0,40.0,60.0,60.0
4.2,2,forward,1.2,0.0,1.0,0.0,1.0,0.0,0.0,0.0,40.0,40.0,60.0,60.0
4.3,2,forward,1.3,0.0,1.0,0.0,1.0,0.0,0.0,0.0,40.0,40.0,60.0,60.0
4.4,2,forward,1.4,0.0,1.0,0.0,1.0,0.0,0.0,0.0,40.0,40.0,60.0,60.0
4.5,2,forward,1.5,0.0,1.0,0.0,1.0,0.0,0.0,0.0,40.0,40.0,60.0,60.0
4.6,2,forward,1.6,0.0,1.0,0.0,1.0,0.0,0.0,0.0,40.0,40.0,60.0,60.0
4.7,2,forward,1.7,0.0,1.0,0.0,1.0,0.0,0.0,0.0,40.0,40.0,60.0,60.0
4.8,2,forward,1.8,0.0,1.0,0.0,1.0,0.0,0.0,0.0,40.0,40.0,60.0,60.0
4.9,2,forward,1.9,0.0,1.0,0.0,1.0,0.0,0.0,0.0,40.0,40.0,60.0,60.0
5.0,2,forward,2.0,0.0,1.0,0.0,1.0,0.0,0.0,0.0,40.0,40.0,60.0,60.0
5.1,2,forward,2.1,0.0,1.0,0.0,1.0,0.0,0.0,0.0,40.0,40.0,60.0,60.0
5.2,2,forward,2.2,0.0,1.0,0.0,1.0,0.0,0.0,0.0,40.0,40.0,60.0,60.0
5.3,2,forward,2.3,0.0,1.0,0.0,1.0,0.0,0.0,0.0,40.0,40.0,60.0,60.0
5.4,2,forward,2.4,0.0,1.0,0.0,1.0,0.0,0.0,0.0,40.0,40.0,60.0,60.0
5.5,2,forward,2.5,0.0,1.0,0.0,1.0,0.0,0.0,0.0,40.0,40.0,60.0,60.0
5.6,2,forward,2.6,0.0,1.0,0.0,1.0,0.0,0.0,0.0,40.0,40.0,60.0,60.0
5.7,2,forward,2.7,0.0,1.0,0.0,1.0,0.0,0.0,0.0,40.0,40.0,60.0,60.0
5.8,2,forward,2.8,0.0,1.0,0.0,1.0,0.0,0.0,0.0,40.0,40.0,60.0,60.0
5.9,2,forward,2.9,0.0,1.0,0.0,1.0,0.0,0.0,0.0,40.0,40.0,60.0,60.0
6.0,3,hover,3.0,0.0,1.0,0.0,0.0,0.0,0.0,0.0,50.0,50.0,50.0,50.0
6.1,3,hover,3.0,0.0,1.0,0.0,0.0,0.0,0.0,0.0,50.0,50.0,50.0,50.0
6.2,3,hover,3.0,0.0,1.0,0.0,0.0,0.0,0.0,0.0,50.0,50.0,50.0,50.0
6.3,3,hover,3.0,0.0,1.0,0.0,0.0,0.0,0.0,0.0,50.0,50.0,50.0,50.0
6.4,3,hover,3.0,0.0,1.0,0.0,0.0,0.0,0.0,0.0,50.0,50.0,50.0,50.0
6.5,3,hover,3.0,0.0,1.0,0.0,0.0,0.0,0.0,0.0,50.0,50.0,50.0,50.0
6.6,3,hover,3.0,0.0,1.0,0.0,0.0,0.0,0.0,0.0,50.0,50.0,50.0,50.0
6.7,3,hover,3.0,0.0,1.0,0.0,0.0,0.0,0.0,0.0,50.0,50.0,50.0,50.0
6.8,3,hover,3.0,0.0,1.0,0.0,0.0,0.0,0.0,0.0,50.0,50.0,50.0,50.0
6.9,3,hover,3.0,0.0,1.0,0.0,0.0,0.0,0.0,0.0,50.0,50.0,50.0,50.0
7.0,4,backward,3.0,0.0,1.0,0.0,-1.0,0.0,0.0,0.0,60.0,60.0,40.0,40.0
7.1,4,backward,2.9,0.0,1.0,0.0,-1.0,0.0,0.0,0.0,60.0,60.0,40.0,40.0
7.2,4,backward,2.8,0.0,1.0,0.0,-1.0,0.0,0.0,0.0,60.0,60.0,40.0,40.0
7.3,4,backward,2.7,0.0,1.0,0.0,-1.0,0.0,0.0,0.0,60.0,60.0,40.0,40.0
7.4,4,backward,2.6,0.0,1.0,0.0,-1.0,0.0,0.0,0.0,60.0,60.0,40.0,40.0
7.5,4,backward,2.5,0.0,1.0,0.0,-1.0,0.0,0.0,0.0,60.0,60.0,40.0,40.0
7.6,4,backward,2.4,0.0,1.0,0.0,-1.0,0.0,0.0,0.0,60.0,60.0,40.0,40.0
7.7,4,backward,2.3,0.0,1.0,0.0,-1.0,0.0,0.0,0.0,60.0,60.0,40.0,40.0
7.8,4,backward,2.2,0.0,1.0,0.0,-1.0,0.0,0.0,0.0,60.0,60.0,40.0,40.0
7.9,4,backward,2.1,0.0,1.0,0.0,-1.0,0.0,0.0,0.0,60.0,60.0,40.0,40.0
8.0,4,backward,2.0,0.0,1.0,0.0,-1.0,0.0,0.0,0.0,60.0,60.0,40.0,40.0
8.1,4,backward,1.9,0.0,1.0,0.0,-1.0,0.0,0.0,0.0,60.0,60.0,40.0,40.0
8.2,4,backward,1.8,0.0,1.0,0.0,-1.0,0.0,0.0,0.0,60.0,60.0,40.0,40.0
8.3,4,backward,1.7,0.0,1.0,0.0,-1.0,0.0,0.0,0.0,60.0,60.0,40.0,40.0
8.4,4,backward,1.6,0.0,1.0,0.0,-1.0,0.0,0.0,0.0,60.0,60.0,40.0,40.0
8.5,4,backward,1.5,0.0,1.0,0.0,-1.0,0.0,0.0,0.0,60.0,60.0,40.0,40.0
8.6,4,backward,1.4,0.0,1.0,0.0,-1.0,0.0,0.0,0.0,60.0,60.0,40.0,40.0
8.7,4,backward,1.3,0.0,1.0,0.0,-1.0,0.0,0.0,0.0,60.0,60.0,40.0,40.0
8.8,4,backward,1.2,0.0,1.0,0.0,-1.0,0.0,0.0,0.0,60.0,60.0,40.0,40.0
8.9,4,backward,1.1,0.0,1.0,0.0,-1.0,0.0,0.0,0.0,60.0,60.0,40.0,40.0
9.0,4,backward,1.0,0.0,1.0,0.0,-1.0,0.0,0.0,0.0,60.0,60.0,40.0,40.0
9.1,4,backward,0.9,0.0,1.0,0.0,-1.0,0.0,0.0,0.0,60.0,60.0,40.0,40.0
9.2,4,backward,0.8,0.0,1.0,0.0,-1.0,0.0,0.0,0.0,60.0,60.0,40.0,40.0
9.3,4,backward,0.7,0.0,1.0,0.0,-1.0,0.0,0.0,0.0,60.0,60.0,40.0,40.0
9.4,4,backward,0.6,0.0,1.0,0.0,-1.0,0.0,0.0,0.0,60.0,60.0,40.0,40.0
9.5,4,backward,0.5,0.0,1.0,0.0,-1.0,0.0,0.0,0.0,60.0,60.0,40.0,40.0
9.6,4,backward,0.4,0.0,1.0,0.0,-1.0,0.0,0.0,0.0,60.0,60.0,40.0,40.0
9.7,4,backward,0.3,0.0,1.0,0.0,-1.0,0.0,0.0,0.0,60.0,60.0,40.0,40.0
9.8,4,backward,0.2,0.0,1.0,0.0,-1.0,0.0,0.0,0.0,60.0,60.0,40.0,40.0
9.9,4,backward,0.1,0.0,1.0,0.0,-1.0,0.0,0.0,0.0,60.0,60.0,40.0,40.0
10.0,5,hover,0.0,0.0,1.0,0.0,0.0,0.0,0.0,0.0,50.0,50.0,50.0,50.0
10.1,5,hover,0.0,0.0,1.0,0.0,0.0,0.0,0.0,0.0,50.0,50.0,50.0,50.0
10.2,5,hover,0.0,0.0,1.0,0.0,0.0,0.0,0.0,0.0,50.0,50.0,50.0,50.0
10.3,5,hover,0.0,0.0,1.0,0.0,0.0,0.0,0.0,0.0,50.0,50.0,50.0,50.0
10.4,5,hover,0.0,0.0,1.0,0.0,0.0,0.0,0.0,0.0,50.0,50.0,50.0,50.0
10.5,5,hover,0.0,0.0,1.0,0.0,0.0,0.0,0.0,0.0,50.0,50.0,50.0,50.0
10.6,5,hover,0.0,0.0,1.0,0.0,0.0,0.0,0.0,0.0,50.0,50.0,50.0,50.0
10.7,5,hover,0.0,0.0,1.0,0.0,0.0,0.0,0.0,0.0,50.0,50.0,50.0,50.0
10.8,5,hover,0.0,0.0,1.0,0.0,0.0,0.0,0.0,0.0,50.0,50.0,50.0,50.0
10.9,5,hover,0.0,0.0,1.0,0.0,0.0,0.0,0.0,0.0,50.0,50.0,50.0,50.0
11.0,6,down,0.0,0.0,1.0,0.0,0.0,0.0,-0.5,0.0,35.0,35.0,35.0,35.0
11.1,6,down,0.0,0.0,0.95,0.0,0.0,0.0,-0.5,0.0,35.0,35.0,35.0,35.0
11.2,6,down,0.0,0.0,0.9,0.0,0.0,0.0,-0.5,0.0,35.0,35.0,35.0,35.0
11.3,6,down,0.0,0.0,0.85,0.0,0.0,0.0,-0.5,0.0,35.0,35.0,35.0,35.0
11.4,6,down,0.0,0.0,0.8,0.0,0.0,0.0,-0.5,0.0,35.0,35.0,35.0,35.0
11.5,6,down,0.0,0.0,0.75,0.0,0.0,0.0,-0.5,0.0,35.0,35.0,35.0,35.0
11.6,6,down,0.0,0.0,0.7,0.0,0.0,0.0,-0.5,0.0,35.0,35.0,35.0,35.0
11.7,6,down,0.0,0.0,0.65,0.0,0.0,0.0,-0.5,0.0,35.0,35.0,35.0,35.0
11.8,6,down,0.0,0.0,0.6,0.0,0.0,0.0,-0.5,0.0,35.0,35.0,35.0,35.0
11.9,6,down,0.0,0.0,0.55,0.0,0.0,0.0,-0.5,0.0,35.0,35.0,35.0,35.0
12.0,6,down,0.0,0.0,0.5,0.0,0.0,0.0,-0.5,0.0,35.0,35.0,35.0,35.0
12.1,6,down,0.0,0.0,0.45,0.0,0.0,0.0,-0.5,0.0,35.0,35.0,35.0,35.0
12.2,6,down,0.0,0.0,0.4,0.0,0.0,0.0,-0.5,0.0,35.0,35.0,35.0,35.0
12.3,6,down,0.0,0.0,0.35,0.0,0.0,0.0,-0.5,0.0,35.0,35.0,35.0,35.0
12.4,6,down,0.0,0.0,0.3,0.0,0.0,0.0,-0.5,0.0,35.0,35.0,35.0,35.0
12.5,6,down,0.0,0.0,0.25,0.0,0.0,0.0,-0.5,0.0,35.0,35.0,35.0,35.0
12.6,6,down,0.0,0.0,0.2,0.0,0.0,0.0,-0.5,0.0,35.0,35.0,35.0,35.0
12.7,6,down,0.0,0.0,0.15,0.0,0.0,0.0,-0.5,0.0,35.0,35.0,35.0,35.0
12.8,6,down,0.0,0.0,0.1,0.0,0.0,0.0,-0.5,0.0,35.0,35.0,35.0,35.0
12.9,6,down,0.0,0.0,0.05,0.0,0.0,0.0,-0.5,0.0,35.0,35.0,35.0,35.0
13.0,7,hover,0.0,0.0,0.0,0.0,0.0,0.0,0.0,0.0,50.0,50.0,50.0,50.0
